{
  "assetsByChunkName": {
    "vendors~app-account~app-checkout~app-confirmation~app-order": "chunk.43b4c7f98c5da595a943.js",
    "vendors~app-account~app-confirmation~app-order": "chunk.2b92993912c47d0a7bb2.js",
    "vendors~app-account~app-checkout": "chunk.32544c2b834f0aec369a.js",
    "vendors~app-cart~app-checkout": "chunk.a89d10ca44dc98d6c365.js",
    "admin": [
      "admin.f65eac5a186978d31118.js",
      "admin.f65eac5a186978d31118.js.map"
    ],
    "app-account": "chunk.14811453a26120338664.js",
    "app-checkout": "chunk.d25448078efcdc31c5e8.js",
    "app-confirmation": "chunk.f25d3dbd93c8360938a1.js",
    "app-order": "chunk.619008b1e5f454fa7b27.js",
    "checkout": [
      "checkout.fced4396185b99eb53db.js",
      "checkout.fced4396185b99eb53db.js.map"
    ],
    "storefront": [
      "storefront.66f3c9a826b1885eb986.css",
      "storefront.0e84654a23b26569140d.js",
      "storefront.66f3c9a826b1885eb986.css.map",
      "storefront.0e84654a23b26569140d.js.map"
    ],
    "vendors~app-cart": "chunk.c97bde5eb8be5ab711a6.js"
  }
}