{
  "marketing_stripe": {
    "text": "Bem-vindo à Mixso",
    "link": "",
    "color": "#ffffff",
    "background": "#7b2bcc"
  },
  "contacts_stripe": {
    "pages": [
      {
        "title": "Sobre nós",
        "link": "/pages/sobre-nos"
      }
    ],
    "phone_wpp": true,
    "socials": true
  },
  "categories_list": {
    "featured": [
      "/brinquedos?Brinquedos",
      "/casa-e-decoracao?Casa e Decoração",
      "/organizacao?Organização",
      "/informatica?Informática",
      "/diversos?Diversos",
      "/marca?Marca"
    ],
    "random": 6,
    "full_width": false
  },
  "desktop_megamenu": false,
  "search_input": true,
  "alphabetical_order_submenu": false,
  "full_width_submenu": false
}