{
  "meta_title": "",
  "meta_description": "",
  "sections": [
    {
      "type": "banner-slider",
      "autoplay": 9000,
      "full_width": true,
      "slides": [
        {
          "start": "",
          "end": "",
          "img": "/img/uploads/jogos-de-panelas-tramontina-paris-banner-desktop.png",
          "alt": "Banner sample two",
          "mobile_img": "/img/uploads/jogos-de-panelas-tramontina-paris-banner-desktop.png"
        },
        {
          "start": "",
          "end": "",
          "img": "/img/uploads/banner-jogos-de-tabuleiro.png",
          "mobile_img": "/img/uploads/banner-jogos-de-tabuleiro.png"
        },
        {
          "start": "",
          "end": "",
          "img": "/img/uploads/bancada-mesa-de-ferramentas-vonder-infantil-furadeira-a-pilha.png",
          "mobile_img": "/img/uploads/bancada-mesa-de-ferramentas-vonder-infantil-furadeira-a-pilha.png"
        }
      ]
    },
    {
      "type": "collection-shelf",
      "shuffle": true,
      "collection_id": "6413263c4bd2e929c1a00ad4:categories:Lego:/lego",
      "sort": "offers",
      "title": "LEGO",
      "headless": false,
      "limit": 12,
      "page": 1
    },
    {
      "type": "collection-shelf",
      "shuffle": false,
      "limit": 12,
      "page": 1,
      "collection_id": "640731634bd2e929c18eddc1:categories:Casa e Decoração:/casa-e-decoracao"
    },
    {
      "type": "brands-carousel",
      "limit": 24,
      "offset": 0,
      "sort": "name"
    }
  ]
}